config_id,cpu_model,cpu_sockets,cpu_cores_per_socket,ram_gb,disks,miran_price,selectel_price,selectel_currency,selectel_price_period,selectel_plan_id,selectel_match_score,selectel_stock_count,selectel_match_count,reg_cloud_price,reg_cloud_currency,reg_cloud_price_period,reg_cloud_plan_id,reg_cloud_match_score,reg_cloud_stock_count,reg_cloud_match_count,timeweb_price,timeweb_currency,timeweb_price_period,timeweb_plan_id,timeweb_match_score,timeweb_stock_count,timeweb_match_count
MIR-001,E3-1230v3,1,4,8,2×3000 ГБ HDD,7100.0,,,,,,,,,,,,,,,,,,,,,
MIR-002,E3-1230v3,1,4,16,2×480 ГБ SSD,8200.0,,,,,,,,,,,,,,,,,,,,,
MIR-003,E3-1230v3,1,4,16,2×1000 ГБ HDD,7200.0,,,,,,,,,,,,,,,,,,,,,
MIR-004,E3-1230v3,1,4,32,2×3000 ГБ HDD,8550.0,,,,,,,,,,,,,,,,,,,,,
MIR-005,E3-1230v3,1,4,32,2×1000 ГБ HDD,8200.0,,,,,,,,,,,,,,,,,,,,,
MIR-006,E3-1230v3,1,4,32,2×480 ГБ SSD,9150.0,,,,,,,,,,,,,,,,,,,,,
MIR-007,E3-1230v6,1,4,16,2×3000 ГБ HDD,8800.0,,,,,,,,,,,,,,,,,,,,,
MIR-008,E3-1230v6,1,4,16,2×1000 ГБ HDD,8400.0,,,,,,,,,,,,,,,,,,,,,
MIR-009,E3-1230v6,1,4,16,2×480 ГБ SSD,9400.0,,,,,,,,,,,,,,,,,,,,,
MIR-010,E3-1230v6,1,4,16,2×1000 ГБ SSD,10900.0,,,,,,,,,,,,,,,,,,,,,
MIR-011,E3-1230v6,1,4,16,2×2000 ГБ SSD,13100.0,,,,,,,,,,,,,,,,,,,,,
MIR-012,E3-1230v6,1,4,16,2×4000 ГБ SSD,16700.0,,,,,,,,,,,,,,,,,,,,,
MIR-013,E3-1230v6,1,4,16,2×6000 ГБ HDD,10900.0,,,,,,,,,,,,,,,,,,,,,
MIR-014,E3-1230v6,1,4,16,2×8000 ГБ HDD,11600.0,,,,,,,,,,,,,,,,,,,,,
MIR-015,E3-1230v6,1,4,32,2×1000 ГБ SSD,11600.0,,,,,,,,,,,,,,,,,,,,,
MIR-016,E3-1230v6,1,4,32,2×2000 ГБ SSD,13900.0,,,,,,,,,,,,,,,,,,,,,
MIR-017,E3-1230v6,1,4,32,2×512 ГБ SSD,10300.0,,,,,,,,,,,,,,,,,,,,,
MIR-018,E3-1230v6,1,4,32,4×512 ГБ SSD,12100.0,,,,,,,,,,,,,,,,,,,,,
MIR-019,E3-1230v6,1,4,64,2×10000 ГБ HDD,15250.0,,,,,,,,,,,,,,,,,,,,,
MIR-020,E3-1230v6,1,4,64,2×512 ГБ SSD,11900.0,,,,,,,,,,,,,,,,,,,,,
MIR-021,E3-1230v6,1,4,64,2×1000 ГБ SSD,13300.0,,,,,,,,,,,,,,,,,,,,,
MIR-022,E3-1230v6,1,4,64,2×2000 ГБ SSD,15500.0,,,,,,,,,,,,,,,,,,,,,
MIR-023,E3-1240v6,1,4,16,2×3000 ГБ HDD,8800.0,,,,,,,,,,,,,,,,,,,,,
MIR-024,E3-1240v6,1,4,16,2×480 ГБ SSD,9400.0,,,,,,,,,,,,,,,,,,,,,
MIR-025,E3-1240v6,1,4,16,2×1000 ГБ SSD,10900.0,,,,,,,,,,,,,,,,,,,,,
MIR-026,E3-1240v6,1,4,16,2×6000 ГБ HDD,10900.0,,,,,,,,,,,,,,,,,,,,,
MIR-027,E3-1240v6,1,4,32,2×3000 ГБ HDD,9650.0,,,,,,,,,,,,,,,,,,,,,
MIR-028,E3-1240v6,1,4,32,2×480 ГБ SSD,10250.0,,,,,,,,,,,,,,,,,,,,,
MIR-029,E3-1240v6,1,4,32,4×512 ГБ SSD,12100.0,,,,,,,,,,,,,,,,,,,,,
MIR-030,E3-1240v6,1,4,32,2×1000 ГБ SSD,11600.0,,,,,,,,,,,,,,,,,,,,,
MIR-031,E3-1240v6,1,4,64,2×3000 ГБ HDD,11200.0,,,,,,,,,,,,,,,,,,,,,
MIR-032,E3-1240v6,1,4,64,2×480 ГБ SSD,11900.0,,,,,,,,,,,,,,,,,,,,,
MIR-033,E3-1240v6,1,4,64,2×1000 ГБ SSD,13300.0,,,,,,,,,,,,,,,,,,,,,
MIR-034,E3-1240v6,1,4,32,2×1000 ГБ HDD,9150.0,,,,,,,,,,,,,,,,,,,,,
MIR-035,Intel Xeon E-2234,1,4,16,2×1000 ГБ SSD,12700.0,,,,,,,,,,,,,,,,,,,,,
MIR-036,Intel Xeon E-2234,1,4,32,2×480 ГБ SSD,12100.0,,,,,,,,,,,,,,,,,,,,,
MIR-037,Intel Xeon E-2234,1,4,32,2×1000 ГБ SSD,13400.0,,,,,,,,,,,,,,,,,,,,,
MIR-038,Intel Xeon E-2234,1,4,32,2×1000 ГБ NVMe,13900.0,,,,,,,,,,,,,,,,,,,,,
MIR-039,Intel Xeon E-2234,1,4,64,2×480 ГБ SSD,13400.0,,,,,,,,,,,,,,,,,,,,,
MIR-040,Intel Xeon E-2234,1,4,64,2×1000 ГБ SSD,14900.0,,,,,,,,,,,,,,,,,,,,,
MIR-041,Intel Xeon E-2234,1,4,64,2×1000 ГБ NVMe,15250.0,,,,,,,,,,,,,,,,,,,,,
MIR-042,Intel Xeon E-2234,1,4,128,2×1000 ГБ SSD,17700.0,,,,,,,,,,,,,,,,,,,,,
MIR-043,Intel Xeon E-2234,1,4,128,2×1000 ГБ NVMe,18200.0,,,,,,,,,,,,,,,,,,,,,
MIR-044,Intel Xeon E-2234,1,4,128,2×2000 ГБ NVMe,21250.0,,,,,,,,,,,,,,,,,,,,,
MIR-045,Intel Xeon E-2236,1,6,16,2×480 ГБ SSD,11000.0,,,,,,,,,,,,,,,11960.0,RUB,month,E-2236 / 16 / 480,100.0,,1.0
MIR-046,Intel Xeon E-2236,1,6,32,2×480 ГБ SSD,11600.0,12800.0,RUB,month,EL11-SSD,100.0,14.0,2.0,,,,,,,,,,,,,,
MIR-047,Intel Xeon E-2236,1,6,32,2×1000 ГБ SSD,13200.0,16600.0,RUB,month,EL12-NVMe,100.0,2.0,1.0,,,,,,,,,,,,,,
MIR-048,Intel Xeon E-2236,1,6,32,2×4000 ГБ SSD,19400.0,,,,,,,,,,,,,,,,,,,,,
MIR-049,Intel Xeon E-2236,1,6,32,2×1000 ГБ NVMe,13450.0,16600.0,RUB,month,EL12-NVMe,100.0,2.0,1.0,,,,,,,,,,,,,,
MIR-050,Intel Xeon E-2236,1,6,32,2×2000 ГБ NVMe,16500.0,,,,,,,,,,,,,,,,,,,,,
MIR-051,Intel Xeon E-2236,1,6,32,2×10000 ГБ HDD,15150.0,14000.0,RUB,month,EL12-HDD,100.0,1.0,1.0,,,,,,,,,,,,,,
MIR-052,Intel Xeon E-2236,1,6,64,2×480 ГБ SSD,13200.0,,,,,,,,,,,,,,,,,,,,,
MIR-053,Intel Xeon E-2236,1,6,64,2×1000 ГБ SSD,14500.0,16600.0,RUB,month,EL21-SSD,100.0,27.0,1.0,,,,,,,,,,,,,,
MIR-054,Intel Xeon E-2236,1,6,128,2×1000 ГБ SSD,17400.0,,,,,,,,,,,,,,,,,,,,,
MIR-055,Intel Xeon E-2236,1,6,128,2×1000 ГБ NVMe,17700.0,,,,,,,,,,,,,,,,,,,,,
MIR-056,Intel Xeon E-2236,1,6,128,2×2000 ГБ NVMe,20750.0,,,,,,,,,,,,,,,,,,,,,
MIR-057,Intel Xeon E-2246G,1,6,32,2×512 ГБ SSD + 2×1000 ГБ HDD,13200.0,,,,,,,,,,,,,,,,,,,,,
MIR-058,Intel Xeon E-2246G,1,6,64,2×480 ГБ SSD,13800.0,,,,,,,,,,,,,,,,,,,,,
MIR-059,Intel Xeon E-2246G,1,6,64,2×512 ГБ SSD + 2×1000 ГБ HDD,14500.0,,,,,,,,,,,,,,,,,,,,,
MIR-060,Intel Xeon E-2246G,1,6,64,4×480 ГБ SSD,15750.0,,,,,,,,,,,,,,,,,,,,,
MIR-061,Intel Xeon E-2246G,1,6,64,2×1000 ГБ SSD,15100.0,,,,,,,,,,,,,,,,,,,,,
MIR-062,Intel Xeon E-2274G,1,4,32,2×480 ГБ SSD,12700.0,,,,,,,,,,,,,,,,,,,,,
MIR-063,Intel Xeon E-2274G,1,4,32,2×1000 ГБ SSD,14000.0,,,,,,,,,,,,,,,,,,,,,
MIR-064,Intel Xeon E-2274G,1,4,64,2×480 ГБ SSD + 2×1000 ГБ HDD,15000.0,,,,,,,,,,,,,,,,,,,,,
MIR-065,Intel Xeon E-2274G,1,4,64,2×480 ГБ SSD,14000.0,,,,,,,,,,,,,,,,,,,,,
MIR-066,Intel Xeon E-2274G,1,4,128,2×1000 ГБ SSD,18300.0,,,,,,,,,,,,,,,,,,,,,
MIR-067,Intel Xeon E-2278G,1,8,16,2×480 ГБ SSD,12100.0,,,,,,,,,,,,,,,,,,,,,
MIR-068,Intel Xeon E-2278G,1,8,16,2×1000 ГБ SSD,13400.0,,,,,,,,,,,,,,,,,,,,,
MIR-069,Intel Xeon E-2278G,1,8,32,2×480 ГБ SSD,12700.0,,,,,,,,,,,,,,,,,,,,,
MIR-070,Intel Xeon E-2278G,1,8,32,2×1000 ГБ SSD,14000.0,,,,,,,,,,,,,,,,,,,,,
MIR-071,Intel Xeon E-2278G,1,8,32,2×1000 ГБ NVMe,14500.0,,,,,,,,,,,,,,,,,,,,,
MIR-072,Intel Xeon E-2278G,1,8,32,2×2000 ГБ NVMe,17600.0,,,,,,,,,,,,,,,,,,,,,
MIR-073,Intel Xeon E-2278G,1,8,64,2×480 ГБ SSD,14000.0,,,,,,,,,,,,,,,,,,,,,
MIR-074,Intel Xeon E-2278G,1,8,64,2×480 ГБ SSD + 2×1000 ГБ HDD,15000.0,,,,,,,,,,,,,,,,,,,,,
MIR-075,Intel Xeon E-2278G,1,8,64,2×1000 ГБ SSD,15600.0,,,,,,,,,,,,,,,,,,,,,
MIR-076,Intel Xeon E-2278G,1,8,64,2×2000 ГБ SSD,17700.0,,,,,,,,,,,,,,,,,,,,,
MIR-077,Intel Xeon E-2278G,1,8,64,2×1000 ГБ NVMe,15900.0,,,,,,,,,,,,,,,,,,,,,
MIR-078,Intel Xeon E-2278G,1,8,64,2×2000 ГБ NVMe,18900.0,,,,,,,,,,,,,,,,,,,,,
MIR-079,Intel Xeon E-2278G,1,8,128,2×480 ГБ SSD,17000.0,,,,,,,,,,,,,,,,,,,,,
MIR-080,Intel Xeon E-2278G,1,8,128,2×480 ГБ SSD + 2×1000 ГБ HDD,17700.0,,,,,,,,,,,,,,,,,,,,,
MIR-081,Intel Xeon E-2278G,1,8,128,2×2000 ГБ SSD,21350.0,,,,,,,,,,,,,,,,,,,,,
MIR-082,Intel Xeon E-2278G,1,8,128,2×2000 ГБ NVMe,22570.0,,,,,,,,,,,,,,,,,,,,,
MIR-083,Intel Xeon E-2356G,1,6,64,2×1000 ГБ SSD,16500.0,,,,,,,,,,,,,,,,,,,,,
MIR-084,Intel Xeon E-2356G,1,6,64,2×2000 ГБ NVMe,20000.0,,,,,,,,,,,,,,,,,,,,,
MIR-085,Intel Xeon E-2356G,1,6,128,2×2000 ГБ NVMe,23000.0,,,,,,,,,,,,,,,,,,,,,
MIR-086,Intel Xeon E-2378G,1,8,32,2×480 ГБ SSD,14600.0,,,,,,,,,,,,,,,,,,,,,
MIR-087,Intel Xeon E-2378G,1,8,32,2×1000 ГБ SSD,16200.0,,,,,,,,,,,,,,,,,,,,,
MIR-088,Intel Xeon E-2378G,1,8,32,2×1000 ГБ NVMe,16500.0,,,,,,,,,,,,,,,,,,,,,
MIR-089,Intel Xeon E-2378G,1,8,64,2×1000 ГБ SSD,17600.0,,,,,,,,,,,,,,,,,,,,,
MIR-090,Intel Xeon E-2378G,1,8,64,2×2000 ГБ SSD,19900.0,,,,,,,,,,,,,,,,,,,,,
MIR-091,Intel Xeon E-2378G,1,8,64,2×1000 ГБ NVMe,18100.0,,,,,,,,,,,,,,,,,,,,,
MIR-092,Intel Xeon E-2378G,1,8,64,2×2000 ГБ NVMe,21100.0,,,,,,,,,,,,,,,,,,,,,
MIR-093,Intel Xeon E-2378G,1,8,128,2×1000 ГБ SSD,20500.0,,,,,,,,,,,,,,,,,,,,,
MIR-094,Intel Xeon E-2378G,1,8,128,2×2000 ГБ SSD,22600.0,,,,,,,,,,,,,,,,,,,,,
MIR-095,Intel Xeon E-2378G,1,8,128,2×1000 ГБ NVMe,20750.0,,,,,,,,,,,,,,,,,,,,,
MIR-096,Intel Xeon E-2378G,1,8,128,2×2000 ГБ NVMe,23800.0,,,,,,,,,,,,,,,,,,,,,
MIR-097,Intel Xeon E-2386G,1,6,32,2×1000 ГБ NVMe,,18400.0,RUB,month,EL42-NVMe,100.0,18.0,1.0,,,,,,,,,,,,,,
MIR-098,Intel Xeon E-2386G,1,6,64,2×1000 ГБ SSD,,,,,,,,,,,,,,,,,,,,,,
MIR-099,Intel Xeon E-2386G,1,6,64,2×2000 ГБ SSD,,,,,,,,,,,,,,,,,,,,,,
MIR-100,Intel Xeon E-2386G,1,6,64,2×1000 ГБ NVMe,,,,,,,,,,,,,,,,,,,,,,
MIR-101,Intel Xeon E-2386G,1,6,64,2×4000 ГБ NVMe,,,,,,,,,,,,,,,,,,,,,,
MIR-102,Intel Xeon E-2386G,1,6,128,2×4000 ГБ NVMe,,,,,,,,,,,,,,,,,,,,,,
MIR-103,Intel Xeon E-2386G,1,6,128,2×1000 ГБ SSD,,,,,,,,,,,,,,,,,,,,,,
MIR-104,Intel Xeon E-2386G,1,6,128,2×2000 ГБ SSD,,,,,,,,,,,,,,,,,,,,,,
MIR-105,Intel Xeon E-2388G,1,8,32,2×1000 ГБ NVMe,,,,,,,,,,,,,,,,,,,,,,
MIR-106,Intel Xeon E-2388G,1,8,64,2×1000 ГБ NVMe,,23100.0,RUB,month,EL45-NVMe,100.0,22.0,1.0,,,,,,,,,,,,,,
MIR-107,Intel Xeon E-2388G,1,8,64,2×2000 ГБ NVMe,,,,,,,,,,,,,,,,,,,,,,
MIR-108,Intel Xeon E-2388G,1,8,128,2×2000 ГБ NVMe,,,,,,,,,,,,,,,,,,,,,,
MIR-109,Intel Xeon E-2388G,1,8,128,2×4000 ГБ NVMe,,33700.0,RUB,month,EL46-NVMe,100.0,2.0,1.0,,,,,,,,,,,,,,
MIR-110,AMD Ryzen 9 7950X,1,16,32,2×1000 ГБ SSD,23700.0,,,,,,,,20300.0,RUB,month,RD-58748,100.0,,1.0,,,,,,,
MIR-111,AMD Ryzen 9 7950X,1,16,32,2×1000 ГБ NVMe,23100.0,,,,,,,,20300.0,RUB,month,RD-58748,100.0,,1.0,,,,,,,
MIR-112,AMD Ryzen 9 7950X,1,16,64,2×1000 ГБ NVMe,25300.0,,,,,,,,,,,,,,,,,,,,,
MIR-113,AMD Ryzen 9 7950X,1,16,64,2×2000 ГБ SSD,27100.0,,,,,,,,,,,,,,,,,,,,,
MIR-114,AMD Ryzen 9 7950X,1,16,128,2×1000 ГБ NVMe,27700.0,,,,,,,,,,,,,,,,,,,,,
MIR-115,AMD Ryzen 9 7950X,1,16,128,2×2000 ГБ SSD,29500.0,,,,,,,,,,,,,,,,,,,,,
MIR-116,AMD Ryzen 9 7950X,1,16,128,2×2000 ГБ NVMe,30700.0,,,,,,,,,,,,,,,,,,,,,
MIR-117,Intel Xeon Silver 4214R,2,12,64,2×1000 ГБ SSD,32208.0,,,,,,,,,,,,,,,,,,,,,
MIR-118,Intel Xeon Silver 4214R,2,12,64,2×1900 ГБ SSD,34526.0,,,,,,,,,,,,,,,,,,,,,
MIR-119,Intel Xeon Silver 4214R,2,12,64,2×1000 ГБ NVMe,39894.0,,,,,,,,,,,,,,,,,,,,,
MIR-120,Intel Xeon Silver 4214R,2,12,64,2×2000 ГБ NVMe,42944.0,,,,,,,,,,,,,,,,,,,,,
MIR-121,Intel Xeon Silver 4214R,2,12,128,2×480 ГБ SSD,33550.0,,,,,,,,,,,,,,,,,,,,,
MIR-122,Intel Xeon Silver 4214R,2,12,128,2×1000 ГБ SSD,35136.0,,,,,,,,,,,,,,,,,,,,,
MIR-123,Intel Xeon Silver 4214R,2,12,128,2×2000 ГБ SSD,37210.0,,,,,,,,,,,,,,,,,,,,,
MIR-124,Intel Xeon Silver 4214R,2,12,128,2×1000 ГБ NVMe,41114.0,,,,,,,,,,,,,,,,,,,,,
MIR-125,Intel Xeon Silver 4214R,2,12,128,2×2000 ГБ NVMe,44164.0,,,,,,,,,,,,,,,,,,,,,
MIR-126,Intel Xeon Silver 4214R,2,12,192,2×1000 ГБ NVMe + 2×2000 ГБ SSD,49654.0,,,,,,,,,,,,,,,,,,,,,
MIR-127,Intel Xeon Silver 4214R,2,12,192,2×2000 ГБ NVMe,48678.0,,,,,,,,,,,,,,,,,,,,,
MIR-128,Intel Xeon Silver 4214R,2,12,256,2×1900 ГБ SSD,41358.0,,,,,,,,,,,,,,,,,,,,,
MIR-129,Intel Xeon Silver 4215R,2,8,64,2×1000 ГБ SSD,34160.0,,,,,,,,,,,,,,,,,,,,,
MIR-130,Intel Xeon Silver 4215R,2,8,96,2×2000 ГБ SSD,37820.0,,,,,,,,,,,,,,,,,,,,,
MIR-131,Intel Xeon Silver 4215R,2,8,128,2×1000 ГБ NVMe,43188.0,,,,,,,,,,,,,,,,,,,,,
MIR-132,Intel Xeon Silver 4215R,2,8,192,2×2000 ГБ NVMe,50630.0,,,,,,,,,,,,,,,,,,,,,
MIR-133,Intel Xeon Silver 4215R,2,8,192,2×1000 ГБ NVMe + 2×2000 ГБ SSD,51728.0,,,,,,,,,,,,,,,,,,,,,
MIR-134,Intel Xeon Silver 4215R,2,8,256,2×1000 ГБ NVMe + 2×480 ГБ SSD,49288.0,,,,,,,,,,,,,,,,,,,,,
MIR-135,Intel Xeon Gold 5218R,2,20,64,2×480 ГБ SSD,40870.0,,,,,,,,33300.0,RUB,month,RD-55039,100.0,,1.0,,,,,,,
MIR-136,Intel Xeon Gold 5218R,2,20,64,2×1000 ГБ SSD,42456.0,,,,,,,,,,,,,,,,,,,,,
MIR-137,Intel Xeon Gold 5218R,2,20,64,2×1000 ГБ NVMe,48434.0,,,,,,,,,,,,,,,,,,,,,
MIR-138,Intel Xeon Gold 5218R,2,20,128,2×1000 ГБ SSD,45140.0,,,,,,,,38300.0,RUB,month,RD-58700,100.0,,2.0,,,,,,,
MIR-139,Intel Xeon Gold 5218R,2,20,128,2×1000 ГБ NVMe,52948.0,,,,,,,,39300.0,RUB,month,RD-58699,100.0,,1.0,,,,,,,
MIR-140,Intel Xeon Gold 5218R,2,20,192,2×480 ГБ SSD,46726.0,,,,,,,,,,,,,,,,,,,,,
MIR-141,Intel Xeon Gold 5218R,2,20,256,2×1000 ГБ SSD,49288.0,,,,,,,,,,,,,,,,,,,,,
MIR-142,Intel Xeon Gold 5218R,2,20,384,2×1900 ГБ SSD,56486.0,,,,,,,,,,,,,,,,,,,,,
MIR-143,Intel Xeon Gold 6240,2,18,128,2×1000 ГБ NVMe,51240.0,,,,,,,,,,,,,,,,,,,,,
MIR-144,Intel Xeon Gold 6240,2,18,128,2×2000 ГБ NVMe + 2×2000 ГБ SSD,60024.0,,,,,,,,,,,,,,,,,,,,,
MIR-145,Intel Xeon Gold 6240,2,18,192,2×480 ГБ SSD,46726.0,,,,,,,,,,,,,,,,,,,,,
MIR-146,Intel Xeon Gold 6240,2,18,192,2×1000 ГБ SSD,48068.0,,,,,,,,,,,,,,,,,,,,,
MIR-147,Intel Xeon Gold 6240R,2,24,256,2×2000 ГБ NVMe,64050.0,,,,,,,,,,,,,,,,,,,,,
MIR-148,Intel Xeon Gold 6240,2,18,384,2×1000 ГБ SSD,54168.0,,,,,,,,,,,,,,,,,,,,,
MIR-149,Intel Xeon Gold 6240R,2,24,384,2×1000 ГБ NVMe,61854.0,,,,,,,,,,,,,,,,,,,,,
MIR-150,Intel Xeon Gold 6240R,2,24,384,2×1000 ГБ NVMe + 2×2000 ГБ SSD,65880.0,,,,,,,,,,,,,,,,,,,,,
MIR-151,Intel Xeon Gold 6240R,2,24,384,2×8000 ГБ NVMe,87108.0,,,,,,,,90000.0,RUB,month,RD-55040,100.0,,1.0,,,,,,,
MIR-152,Silver 4516Y+,2,24,128,2×480 ГБ SSD + 2×2000 ГБ SSD,55754.0,,,,,,,,,,,,,,,,,,,,,
MIR-153,Silver 4516Y+,2,24,128,2×1000 ГБ NVMe,52780.0,,,,,,,,,,,,,,,,,,,,,
MIR-154,Silver 4516Y+,2,24,192,2×1000 ГБ NVMe,54656.0,,,,,,,,,,,,,,,,,,,,,
MIR-155,Silver 4516Y+,2,24,256,2×2000 ГБ NVMe,57706.0,,,,,,,,,,,,,,,,,,,,,
MIR-156,Silver 4516Y+,2,24,384,2×4000 ГБ NVMe,63440.0,,,,,,,,,,,,,,,,,,,,,
MIR-157,Silver 4516Y+,2,24,768,2×8000 ГБ NVMe,76128.0,,,,,,,,,,,,,,,,,,,,,
MIR-158,Gold 6526Y,2,16,256,2×2000 ГБ NVMe,80866.0,,,,,,,,,,,,,,,,,,,,,
MIR-159,Gold 6526Y,2,16,384,2×4000 ГБ NVMe,86620.0,,,,,,,,,,,,,,,,,,,,,
MIR-160,Gold 6526Y,2,16,768,2×8000 ГБ NVMe,99308.0,,,,,,,,,,,,,,,,,,,,,
MIR-161,Gold 6530,2,32,128,2×480 ГБ SSD + 2×2000 ГБ SSD,60878.0,,,,,,,,,,,,,,,,,,,,,
MIR-162,Gold 6530,2,32,192,2×1000 ГБ NVMe,59780.0,121240.0,RUB,month,PCL07-NVMe,100.0,3.0,1.0,,,,,,,,,,,,,,
MIR-163,Gold 6530,2,32,256,2×2000 ГБ NVMe,62830.0,,,,,,,,,,,,,,,,,,,,,
MIR-164,Gold 6530,2,32,384,2×4000 ГБ NVMe,68808.0,,,,,,,,,,,,,,,,,,,,,
MIR-165,Gold 6530,2,32,768,2×8000 ГБ NVMe,81374.0,,,,,,,,,,,,,,,,,,,,,
MIR-166,Gold 6538Y,2,32,128,2×2000 ГБ NVMe,116998.0,,,,,,,,,,,,,,,,,,,,,
